{
  "lang":"en",
  "name":"pipeline",
  "version":"0.0.0",
  "spacy_version":">=3.2.0,<3.3.0",
  "description":"",
  "author":"",
  "email":"",
  "url":"",
  "license":"",
  "spacy_git_version":"0fc3dee77",
  "vectors":{
    "width":500,
    "vectors":6507,
    "keys":6507,
    "name":"en_test",
    "mode":"default"
  },
  "labels":{
    "ner":[
      "ACQBUS",
      "ACQLOC",
      "ACQUIRED",
      "DLRAMT",
      "PURCHASER",
      "SELLER",
      "STATUS"
    ]
  },
  "pipeline":[
    "ner"
  ],
  "components":[
    "ner"
  ],
  "disabled":[

  ],
  "performance":{
    "ents_f":0.4390243902,
    "ents_p":0.4909090909,
    "ents_r":0.3970588235,
    "ents_per_type":{
      "ACQUIRED":{
        "p":0.5172413793,
        "r":0.4166666667,
        "f":0.4615384615
      },
      "STATUS":{
        "p":0.6904761905,
        "r":0.6041666667,
        "f":0.6444444444
      },
      "ACQLOC":{
        "p":0.6,
        "r":0.2608695652,
        "f":0.3636363636
      },
      "PURCHASER":{
        "p":0.3928571429,
        "r":0.3728813559,
        "f":0.3826086957
      },
      "DLRAMT":{
        "p":0.5652173913,
        "r":0.52,
        "f":0.5416666667
      },
      "ACQBUS":{
        "p":0.3333333333,
        "r":0.0909090909,
        "f":0.1428571429
      },
      "SELLER":{
        "p":0.24,
        "r":0.2608695652,
        "f":0.25
      }
    },
    "ner_loss":588.4231830619
  }
}