{
  "lang":"en",
  "name":"pipeline",
  "version":"0.0.0",
  "spacy_version":">=3.2.0,<3.3.0",
  "description":"",
  "author":"",
  "email":"",
  "url":"",
  "license":"",
  "spacy_git_version":"0fc3dee77",
  "vectors":{
    "width":500,
    "vectors":6507,
    "keys":6507,
    "name":"en_test",
    "mode":"default"
  },
  "labels":{
    "ner":[
      "ACQBUS",
      "ACQLOC",
      "ACQUIRED",
      "DLRAMT",
      "PURCHASER",
      "SELLER",
      "STATUS"
    ]
  },
  "pipeline":[
    "ner"
  ],
  "components":[
    "ner"
  ],
  "disabled":[

  ],
  "performance":{
    "ents_f":0.4288659794,
    "ents_p":0.4601769912,
    "ents_r":0.4015444015,
    "ents_per_type":{
      "SELLER":{
        "p":0.2173913043,
        "r":0.1923076923,
        "f":0.2040816327
      },
      "ACQLOC":{
        "p":0.16,
        "r":0.2,
        "f":0.1777777778
      },
      "STATUS":{
        "p":0.7,
        "r":0.4772727273,
        "f":0.5675675676
      },
      "DLRAMT":{
        "p":0.6206896552,
        "r":0.6,
        "f":0.6101694915
      },
      "PURCHASER":{
        "p":0.5,
        "r":0.4909090909,
        "f":0.495412844
      },
      "ACQUIRED":{
        "p":0.5434782609,
        "r":0.3968253968,
        "f":0.4587155963
      },
      "ACQBUS":{
        "p":0.2105263158,
        "r":0.1904761905,
        "f":0.2
      }
    },
    "ner_loss":759.6338578223
  }
}