{
  "lang":"en",
  "name":"pipeline",
  "version":"0.0.0",
  "spacy_version":">=3.2.0,<3.3.0",
  "description":"",
  "author":"",
  "email":"",
  "url":"",
  "license":"",
  "spacy_git_version":"0fc3dee77",
  "vectors":{
    "width":500,
    "vectors":6507,
    "keys":6507,
    "name":"en_test",
    "mode":"default"
  },
  "labels":{
    "ner":[
      "ACQBUS",
      "ACQLOC",
      "ACQUIRED",
      "DLRAMT",
      "PURCHASER",
      "SELLER",
      "STATUS"
    ]
  },
  "pipeline":[
    "ner"
  ],
  "components":[
    "ner"
  ],
  "disabled":[

  ],
  "performance":{
    "ents_f":0.4920634921,
    "ents_p":0.5344827586,
    "ents_r":0.4558823529,
    "ents_per_type":{
      "ACQUIRED":{
        "p":0.6530612245,
        "r":0.4444444444,
        "f":0.5289256198
      },
      "STATUS":{
        "p":0.6326530612,
        "r":0.6458333333,
        "f":0.6391752577
      },
      "ACQLOC":{
        "p":0.4615384615,
        "r":0.2608695652,
        "f":0.3333333333
      },
      "PURCHASER":{
        "p":0.5084745763,
        "r":0.5084745763,
        "f":0.5084745763
      },
      "DLRAMT":{
        "p":0.6071428571,
        "r":0.68,
        "f":0.641509434
      },
      "ACQBUS":{
        "p":0.1333333333,
        "r":0.0909090909,
        "f":0.1081081081
      },
      "SELLER":{
        "p":0.3157894737,
        "r":0.2608695652,
        "f":0.2857142857
      }
    },
    "ner_loss":1104.5587072001
  }
}