{
  "lang":"en",
  "name":"pipeline",
  "version":"0.0.0",
  "spacy_version":">=3.2.0,<3.3.0",
  "description":"",
  "author":"",
  "email":"",
  "url":"",
  "license":"",
  "spacy_git_version":"0fc3dee77",
  "vectors":{
    "width":500,
    "vectors":6507,
    "keys":6507,
    "name":"en_test",
    "mode":"default"
  },
  "labels":{
    "ner":[
      "ACQBUS",
      "ACQLOC",
      "ACQUIRED",
      "DLRAMT",
      "PURCHASER",
      "SELLER",
      "STATUS"
    ]
  },
  "pipeline":[
    "ner"
  ],
  "components":[
    "ner"
  ],
  "disabled":[

  ],
  "performance":{
    "ents_f":0.4957627119,
    "ents_p":0.5492957746,
    "ents_r":0.4517374517,
    "ents_per_type":{
      "PURCHASER":{
        "p":0.5090909091,
        "r":0.5090909091,
        "f":0.5090909091
      },
      "STATUS":{
        "p":0.6923076923,
        "r":0.4090909091,
        "f":0.5142857143
      },
      "DLRAMT":{
        "p":0.6944444444,
        "r":0.8333333333,
        "f":0.7575757576
      },
      "ACQUIRED":{
        "p":0.6170212766,
        "r":0.4603174603,
        "f":0.5272727273
      },
      "SELLER":{
        "p":0.3684210526,
        "r":0.2692307692,
        "f":0.3111111111
      },
      "ACQLOC":{
        "p":0.3888888889,
        "r":0.35,
        "f":0.3684210526
      },
      "ACQBUS":{
        "p":0.25,
        "r":0.1428571429,
        "f":0.1818181818
      }
    },
    "ner_loss":1981.2379187659
  }
}