{
  "lang":"en",
  "name":"pipeline",
  "version":"0.0.0",
  "spacy_version":">=3.2.0,<3.3.0",
  "description":"",
  "author":"",
  "email":"",
  "url":"",
  "license":"",
  "spacy_git_version":"0fc3dee77",
  "vectors":{
    "width":500,
    "vectors":6507,
    "keys":6507,
    "name":"en_test",
    "mode":"default"
  },
  "labels":{
    "ner":[
      "ACQBUS",
      "ACQLOC",
      "ACQUIRED",
      "DLRAMT",
      "PURCHASER",
      "SELLER",
      "STATUS"
    ]
  },
  "pipeline":[
    "ner"
  ],
  "components":[
    "ner"
  ],
  "disabled":[

  ],
  "performance":{
    "ents_f":0.4293478261,
    "ents_p":0.4906832298,
    "ents_r":0.3816425121,
    "ents_per_type":{
      "ACQUIRED":{
        "p":0.5405405405,
        "r":0.4,
        "f":0.4597701149
      },
      "PURCHASER":{
        "p":0.45,
        "r":0.6136363636,
        "f":0.5192307692
      },
      "STATUS":{
        "p":0.7647058824,
        "r":0.3714285714,
        "f":0.5
      },
      "SELLER":{
        "p":0.5,
        "r":0.15,
        "f":0.2307692308
      },
      "ACQBUS":{
        "p":0.3,
        "r":0.15,
        "f":0.2
      },
      "DLRAMT":{
        "p":0.5555555556,
        "r":0.5555555556,
        "f":0.5555555556
      },
      "ACQLOC":{
        "p":0.2307692308,
        "r":0.15,
        "f":0.1818181818
      }
    },
    "ner_loss":1915.1851751913
  }
}