{
  "lang":"en",
  "name":"pipeline",
  "version":"0.0.0",
  "spacy_version":">=3.2.0,<3.3.0",
  "description":"",
  "author":"",
  "email":"",
  "url":"",
  "license":"",
  "spacy_git_version":"0fc3dee77",
  "vectors":{
    "width":500,
    "vectors":5640,
    "keys":5640,
    "name":"en_test",
    "mode":"default"
  },
  "labels":{
    "ner":[
      "ACQBUS",
      "ACQLOC",
      "ACQUIRED",
      "DLRAMT",
      "PURCHASER",
      "SELLER",
      "STATUS"
    ]
  },
  "pipeline":[
    "ner"
  ],
  "components":[
    "ner"
  ],
  "disabled":[

  ],
  "performance":{
    "ents_f":0.4972677596,
    "ents_p":0.5909090909,
    "ents_r":0.429245283,
    "ents_per_type":{
      "PURCHASER":{
        "p":0.7045454545,
        "r":0.6888888889,
        "f":0.6966292135
      },
      "ACQUIRED":{
        "p":0.7352941176,
        "r":0.5,
        "f":0.5952380952
      },
      "STATUS":{
        "p":0.4827586207,
        "r":0.4,
        "f":0.4375
      },
      "DLRAMT":{
        "p":0.5833333333,
        "r":0.2916666667,
        "f":0.3888888889
      },
      "ACQLOC":{
        "p":0.5454545455,
        "r":0.3157894737,
        "f":0.4
      },
      "ACQBUS":{
        "p":0.1818181818,
        "r":0.1,
        "f":0.1290322581
      },
      "SELLER":{
        "p":0.4615384615,
        "r":0.3157894737,
        "f":0.375
      }
    },
    "ner_loss":936.3266361213
  }
}