{
  "lang":"en",
  "name":"pipeline",
  "version":"0.0.0",
  "spacy_version":">=3.2.0,<3.3.0",
  "description":"",
  "author":"",
  "email":"",
  "url":"",
  "license":"",
  "spacy_git_version":"0fc3dee77",
  "vectors":{
    "width":500,
    "vectors":5644,
    "keys":5644,
    "name":"en_test",
    "mode":"default"
  },
  "labels":{
    "ner":[
      "ACQBUS",
      "ACQLOC",
      "ACQUIRED",
      "DLRAMT",
      "PURCHASER",
      "SELLER",
      "STATUS"
    ]
  },
  "pipeline":[
    "ner"
  ],
  "components":[
    "ner"
  ],
  "disabled":[

  ],
  "performance":{
    "ents_f":0.393442623,
    "ents_p":0.4311377246,
    "ents_r":0.3618090452,
    "ents_per_type":{
      "PURCHASER":{
        "p":0.3709677419,
        "r":0.5111111111,
        "f":0.4299065421
      },
      "STATUS":{
        "p":0.64,
        "r":0.5,
        "f":0.5614035088
      },
      "ACQUIRED":{
        "p":0.4285714286,
        "r":0.2307692308,
        "f":0.3
      },
      "SELLER":{
        "p":0.3846153846,
        "r":0.25,
        "f":0.303030303
      },
      "DLRAMT":{
        "p":0.45,
        "r":0.5,
        "f":0.4736842105
      },
      "ACQBUS":{
        "p":0.4285714286,
        "r":0.15,
        "f":0.2222222222
      },
      "ACQLOC":{
        "p":0.3333333333,
        "r":0.3333333333,
        "f":0.3333333333
      }
    },
    "ner_loss":350.7836767992
  }
}