{
  "lang":"en",
  "name":"pipeline",
  "version":"0.0.0",
  "spacy_version":">=3.2.0,<3.3.0",
  "description":"",
  "author":"",
  "email":"",
  "url":"",
  "license":"",
  "spacy_git_version":"0fc3dee77",
  "vectors":{
    "width":500,
    "vectors":5640,
    "keys":5640,
    "name":"en_test",
    "mode":"default"
  },
  "labels":{
    "ner":[
      "ACQBUS",
      "ACQLOC",
      "ACQUIRED",
      "DLRAMT",
      "PURCHASER",
      "SELLER",
      "STATUS"
    ]
  },
  "pipeline":[
    "ner"
  ],
  "components":[
    "ner"
  ],
  "disabled":[

  ],
  "performance":{
    "ents_f":0.4784946237,
    "ents_p":0.55625,
    "ents_r":0.4198113208,
    "ents_per_type":{
      "PURCHASER":{
        "p":0.6304347826,
        "r":0.6444444444,
        "f":0.6373626374
      },
      "ACQUIRED":{
        "p":0.7073170732,
        "r":0.58,
        "f":0.6373626374
      },
      "STATUS":{
        "p":0.3846153846,
        "r":0.4285714286,
        "f":0.4054054054
      },
      "DLRAMT":{
        "p":0.5714285714,
        "r":0.3333333333,
        "f":0.4210526316
      },
      "ACQBUS":{
        "p":0.2,
        "r":0.05,
        "f":0.08
      },
      "ACQLOC":{
        "p":0.5714285714,
        "r":0.2105263158,
        "f":0.3076923077
      },
      "SELLER":{
        "p":0.375,
        "r":0.1578947368,
        "f":0.2222222222
      }
    },
    "ner_loss":390.1445039249
  }
}