{
  "lang":"en",
  "name":"pipeline",
  "version":"0.0.0",
  "spacy_version":">=3.2.0,<3.3.0",
  "description":"",
  "author":"",
  "email":"",
  "url":"",
  "license":"",
  "spacy_git_version":"0fc3dee77",
  "vectors":{
    "width":500,
    "vectors":5644,
    "keys":5644,
    "name":"en_test",
    "mode":"default"
  },
  "labels":{
    "ner":[
      "ACQBUS",
      "ACQLOC",
      "ACQUIRED",
      "DLRAMT",
      "PURCHASER",
      "SELLER",
      "STATUS"
    ]
  },
  "pipeline":[
    "ner"
  ],
  "components":[
    "ner"
  ],
  "disabled":[

  ],
  "performance":{
    "ents_f":0.467191601,
    "ents_p":0.489010989,
    "ents_r":0.4472361809,
    "ents_per_type":{
      "PURCHASER":{
        "p":0.5,
        "r":0.4888888889,
        "f":0.4943820225
      },
      "ACQUIRED":{
        "p":0.5294117647,
        "r":0.5192307692,
        "f":0.5242718447
      },
      "DLRAMT":{
        "p":0.3913043478,
        "r":0.5,
        "f":0.4390243902
      },
      "STATUS":{
        "p":0.5142857143,
        "r":0.5625,
        "f":0.5373134328
      },
      "ACQBUS":{
        "p":0.25,
        "r":0.1,
        "f":0.1428571429
      },
      "SELLER":{
        "p":0.8,
        "r":0.4,
        "f":0.5333333333
      },
      "ACQLOC":{
        "p":0.2727272727,
        "r":0.25,
        "f":0.2608695652
      }
    },
    "ner_loss":534.3719243959
  }
}